category,website,name,brand,image_urls,affiliate_link,images,price,sub_category
Skin Care,http://www.cultbeauty.co.uk,DNA Regeneration Serum,DNA Renewal,http://d10qoa1dy3vloz.cloudfront.net/resized/400x440/media/catalog/product/d/n/dna007_dnarenewal_regenerationserum_1_780x980.jpg,http://www.cultbeauty.co.uk//dna-renewal-dna-regeneration-serum.html#c=0-category,"[{'url': 'http://d10qoa1dy3vloz.cloudfront.net/resized/400x440/media/catalog/product/d/n/dna007_dnarenewal_regenerationserum_1_780x980.jpg', 'path': 'full/d118b7b815d3d44da2e335eca6ca7294b8b84484.jpg', 'checksum': '58e63b7de2e20f4f40dc1f619fa1d21b'}]",£85.00,Anti-ageing
Skin Care,http://www.cultbeauty.co.uk,Super 16 Serum,Oskia,http://d10qoa1dy3vloz.cloudfront.net/resized/400x440/media/catalog/product/o/s/osk014_oskia_super16serum_1_780x980.jpg,http://www.cultbeauty.co.uk//oskia-super-16-serum.html#c=0-category,"[{'url': 'http://d10qoa1dy3vloz.cloudfront.net/resized/400x440/media/catalog/product/o/s/osk014_oskia_super16serum_1_780x980.jpg', 'path': 'full/8601370adc38769327a007aaa7ad5b06899b024f.jpg', 'checksum': '58612c99de53b3b325d50159a6cfc548'}]",£80.00,Anti-ageing
Skin Care,http://www.cultbeauty.co.uk,Moisture Plenish,Ling Skin Care,http://d10qoa1dy3vloz.cloudfront.net/resized/400x440/media/catalog/product/l/n/lng001_ling_moistureplenish_sizedproduct_800x960_1.jpg,http://www.cultbeauty.co.uk//ling-skin-care-cell-repare-moisture-plenish.html#c=1-category,"[{'url': 'http://d10qoa1dy3vloz.cloudfront.net/resized/400x440/media/catalog/product/l/n/lng001_ling_moistureplenish_sizedproduct_800x960_1.jpg', 'path': 'full/6db527ce12ef697c19fce49f7d26787955c856be.jpg', 'checksum': '5c419e5ce5727a4fa0f693cf8bb101b1'}]",£65.00,Anti-ageing
Skin Care,http://www.cultbeauty.co.uk,Organic Replenishing Serum,Dr. Alkaitis,http://d10qoa1dy3vloz.cloudfront.net/resized/400x440/media/catalog/product/d/r/dra003_dralkaitis_replenishingserum_sizedproduct_800x960_1.jpg,http://www.cultbeauty.co.uk//dr-alkaitis-organic-replenishing-serum.html#c=1-category,"[{'url': 'http://d10qoa1dy3vloz.cloudfront.net/resized/400x440/media/catalog/product/d/r/dra003_dralkaitis_replenishingserum_sizedproduct_800x960_1.jpg', 'path': 'full/0367babf9ab0370938a193f69664948648d8fad5.jpg', 'checksum': '2c7e2c737438e3d33eb2772700c44845'}]",£43.50,Anti-ageing
Skin Care,http://www.cultbeauty.co.uk,H3O Hydration,Rejuvenated Ltd,http://d10qoa1dy3vloz.cloudfront.net/resized/400x440/media/catalog/product/r/e/rejuvenated_h3ohydration_780x980.jpg,http://www.cultbeauty.co.uk//rejuvenated-ltd-h3o-hydration.html#c=0-category,"[{'url': 'http://d10qoa1dy3vloz.cloudfront.net/resized/400x440/media/catalog/product/r/e/rejuvenated_h3ohydration_780x980.jpg', 'path': 'full/d4b2d8352b5e13cd2e98cc6f76842310f68dddcc.jpg', 'checksum': '8f889c73cbf8b5b6d37a447ab4f96db5'}]",£24.95,Anti-ageing
Skin Care,http://www.cultbeauty.co.uk,Freeze & Uncrease Serum,Ling Skin Care,http://d10qoa1dy3vloz.cloudfront.net/resized/400x440/media/catalog/product/l/n/lng006_ling_freeze_uncreaseserum_sizedproduct_800x960_1.jpg,http://www.cultbeauty.co.uk//ling-skin-care-freeze-uncrease-serum.html#c=1-category,"[{'url': 'http://d10qoa1dy3vloz.cloudfront.net/resized/400x440/media/catalog/product/l/n/lng006_ling_freeze_uncreaseserum_sizedproduct_800x960_1.jpg', 'path': 'full/aaac06d61156917b7b1c2885e1af127988f4613d.jpg', 'checksum': '3100141e6c82f72e82f029688b257e56'}]",£95.00,Anti-ageing
Skin Care,http://www.cultbeauty.co.uk,Face Tanner,Xen Tan,http://d10qoa1dy3vloz.cloudfront.net/resized/400x440/media/catalog/product/x/e/xen005_xen-tan_facetannerluxe_780x980.jpg,http://www.cultbeauty.co.uk//xen-tan-transform-facial-tanner.html#c=2-category,"[{'url': 'http://d10qoa1dy3vloz.cloudfront.net/resized/400x440/media/catalog/product/x/e/xen005_xen-tan_facetannerluxe_780x980.jpg', 'path': 'full/4dbb3cc881be8d1aefd170fb53c00e2f965e7cd9.jpg', 'checksum': '340d41c9d0ed19457c7722c29271dcaf'}]",£16.99,Anti-ageing
Skin Care,http://www.cultbeauty.co.uk,Face Tanner,Xen Tan,http://d10qoa1dy3vloz.cloudfront.net/resized/400x440/media/catalog/product/x/e/xen005_xen-tan_facetannerluxe_780x980.jpg,http://www.cultbeauty.co.uk//xen-tan-transform-facial-tanner.html#c=2-category,"[{'url': 'http://d10qoa1dy3vloz.cloudfront.net/resized/400x440/media/catalog/product/x/e/xen005_xen-tan_facetannerluxe_780x980.jpg', 'path': 'full/4dbb3cc881be8d1aefd170fb53c00e2f965e7cd9.jpg', 'checksum': '340d41c9d0ed19457c7722c29271dcaf'}]",£16.99,SPF & Self Tanners
Skin Care,http://www.cultbeauty.co.uk,Organic Replenishing Serum,Dr. Alkaitis,http://d10qoa1dy3vloz.cloudfront.net/resized/400x440/media/catalog/product/d/r/dra003_dralkaitis_replenishingserum_sizedproduct_800x960_1.jpg,http://www.cultbeauty.co.uk//dr-alkaitis-organic-replenishing-serum.html#c=2-category,"[{'url': 'http://d10qoa1dy3vloz.cloudfront.net/resized/400x440/media/catalog/product/d/r/dra003_dralkaitis_replenishingserum_sizedproduct_800x960_1.jpg', 'path': 'full/0367babf9ab0370938a193f69664948648d8fad5.jpg', 'checksum': '2c7e2c737438e3d33eb2772700c44845'}]",£43.50,Natural
Skin Care,http://www.cultbeauty.co.uk,Neroli Infused Marula Oil,African Botanics,http://d10qoa1dy3vloz.cloudfront.net/resized/400x440/media/catalog/product/b/o/bot002_africanbotanics_neroliinfusedmarulaoil_780x980.jpg,http://www.cultbeauty.co.uk//african-botanics-neroli-infused-marula-oil.html#c=2-category,"[{'url': 'http://d10qoa1dy3vloz.cloudfront.net/resized/400x440/media/catalog/product/b/o/bot002_africanbotanics_neroliinfusedmarulaoil_780x980.jpg', 'path': 'full/e5b07babe9d98378c4fedc428873dbeb1902da1e.jpg', 'checksum': '60bf2f764d875d121f023cce7c9a3e4a'}]",£60.00,Anti-ageing
Skin Care,http://www.cultbeauty.co.uk,Neroli Infused Marula Oil,African Botanics,http://d10qoa1dy3vloz.cloudfront.net/resized/400x440/media/catalog/product/b/o/bot002_africanbotanics_neroliinfusedmarulaoil_780x980.jpg,http://www.cultbeauty.co.uk//african-botanics-neroli-infused-marula-oil.html#c=0-category,"[{'url': 'http://d10qoa1dy3vloz.cloudfront.net/resized/400x440/media/catalog/product/b/o/bot002_africanbotanics_neroliinfusedmarulaoil_780x980.jpg', 'path': 'full/e5b07babe9d98378c4fedc428873dbeb1902da1e.jpg', 'checksum': '60bf2f764d875d121f023cce7c9a3e4a'}]",£60.00,Acne & Blemish
Skin Care,http://www.cultbeauty.co.uk,Neroli Infused Marula Oil,African Botanics,http://d10qoa1dy3vloz.cloudfront.net/resized/400x440/media/catalog/product/b/o/bot002_africanbotanics_neroliinfusedmarulaoil_780x980.jpg,http://www.cultbeauty.co.uk//african-botanics-neroli-infused-marula-oil.html#c=0-category,"[{'url': 'http://d10qoa1dy3vloz.cloudfront.net/resized/400x440/media/catalog/product/b/o/bot002_africanbotanics_neroliinfusedmarulaoil_780x980.jpg', 'path': 'full/e5b07babe9d98378c4fedc428873dbeb1902da1e.jpg', 'checksum': '60bf2f764d875d121f023cce7c9a3e4a'}]",£60.00,Night Time
Skin Care,http://www.cultbeauty.co.uk,Neroli Infused Marula Oil,African Botanics,http://d10qoa1dy3vloz.cloudfront.net/resized/400x440/media/catalog/product/b/o/bot002_africanbotanics_neroliinfusedmarulaoil_780x980.jpg,http://www.cultbeauty.co.uk//african-botanics-neroli-infused-marula-oil.html#c=1-category,"[{'url': 'http://d10qoa1dy3vloz.cloudfront.net/resized/400x440/media/catalog/product/b/o/bot002_africanbotanics_neroliinfusedmarulaoil_780x980.jpg', 'path': 'full/e5b07babe9d98378c4fedc428873dbeb1902da1e.jpg', 'checksum': '60bf2f764d875d121f023cce7c9a3e4a'}]",£60.00,Natural
Skin Care,http://www.cultbeauty.co.uk,Sagging Skin Serum Concentrate (Buriti + Lime),Odacite,http://d10qoa1dy3vloz.cloudfront.net/resized/400x440/media/catalog/product/o/d/oda009_odacite_saggingskinbooter_burutilime_1_780x980.jpg,http://www.cultbeauty.co.uk//odacite-sagging-skin-booster-buriti-lime.html#c=2-category,"[{'url': 'http://d10qoa1dy3vloz.cloudfront.net/resized/400x440/media/catalog/product/o/d/oda009_odacite_saggingskinbooter_burutilime_1_780x980.jpg', 'path': 'full/8035626cda45c59e79d9e9b27c192ad39a9f11fe.jpg', 'checksum': 'eb939bccf6b6db55541a827dc2e538b4'}]",£33.00,Anti-ageing
Skin Care,http://www.cultbeauty.co.uk,Sagging Skin Serum Concentrate (Buriti + Lime),Odacite,http://d10qoa1dy3vloz.cloudfront.net/resized/400x440/media/catalog/product/o/d/oda009_odacite_saggingskinbooter_burutilime_1_780x980.jpg,http://www.cultbeauty.co.uk//odacite-sagging-skin-booster-buriti-lime.html#c=30-category,"[{'url': 'http://d10qoa1dy3vloz.cloudfront.net/resized/400x440/media/catalog/product/o/d/oda009_odacite_saggingskinbooter_burutilime_1_780x980.jpg', 'path': 'full/8035626cda45c59e79d9e9b27c192ad39a9f11fe.jpg', 'checksum': 'eb939bccf6b6db55541a827dc2e538b4'}]",£33.00,Natural
Skin Care,http://www.cultbeauty.co.uk,Polyphenol C15 Anti-Wrinkle Defense Serum,Caudalie,http://d10qoa1dy3vloz.cloudfront.net/resized/400x440/media/catalog/product/c/a/cau016_caudalie_polyphenolc15serum_800x960.jpg,http://www.cultbeauty.co.uk//caudalie-polyphenols-c15-anti-wrinkle-defense-serum.html#c=3-category,"[{'url': 'http://d10qoa1dy3vloz.cloudfront.net/resized/400x440/media/catalog/product/c/a/cau016_caudalie_polyphenolc15serum_800x960.jpg', 'path': 'full/e3451808702ea81a33864fa1ebcada6df646a4db.jpg', 'checksum': '8015a7120b0360dd993ed3343c592d97'}]",£35.00,Anti-ageing
Skin Care,http://www.cultbeauty.co.uk,Polyphenol C15 Anti-Wrinkle Defense Serum,Caudalie,http://d10qoa1dy3vloz.cloudfront.net/resized/400x440/media/catalog/product/c/a/cau016_caudalie_polyphenolc15serum_800x960.jpg,http://www.cultbeauty.co.uk//caudalie-polyphenols-c15-anti-wrinkle-defense-serum.html#c=31-category,"[{'url': 'http://d10qoa1dy3vloz.cloudfront.net/resized/400x440/media/catalog/product/c/a/cau016_caudalie_polyphenolc15serum_800x960.jpg', 'path': 'full/e3451808702ea81a33864fa1ebcada6df646a4db.jpg', 'checksum': '8015a7120b0360dd993ed3343c592d97'}]",£35.00,Natural
Skin Care,http://www.cultbeauty.co.uk,Super 16 Serum,Oskia,http://d10qoa1dy3vloz.cloudfront.net/resized/400x440/media/catalog/product/o/s/osk014_oskia_super16serum_1_780x980.jpg,http://www.cultbeauty.co.uk//oskia-super-16-serum.html#c=34-category,"[{'url': 'http://d10qoa1dy3vloz.cloudfront.net/resized/400x440/media/catalog/product/o/s/osk014_oskia_super16serum_1_780x980.jpg', 'path': 'full/8601370adc38769327a007aaa7ad5b06899b024f.jpg', 'checksum': '58612c99de53b3b325d50159a6cfc548'}]",£80.00,Natural
Skin Care,http://www.cultbeauty.co.uk,Hi-Vitamin C Serum (12%),Ling Skin Care,http://d10qoa1dy3vloz.cloudfront.net/resized/400x440/media/catalog/product/l/n/lng008_ling_hi-vitamivcserum_sizedproduct_800x960_1.jpg,http://www.cultbeauty.co.uk//ling-skin-care-hi-vitamin-c-serum.html#c=3-category,"[{'url': 'http://d10qoa1dy3vloz.cloudfront.net/resized/400x440/media/catalog/product/l/n/lng008_ling_hi-vitamivcserum_sizedproduct_800x960_1.jpg', 'path': 'full/451f930ddf08ef1c6c96d81e326d9a6885e69088.jpg', 'checksum': '0f8054c2f5b59b09c18409900036b950'}]",£75.00,Anti-ageing
Skin Care,http://www.cultbeauty.co.uk,Radiance Effect Serum Concentrate (Green Tea + Lemongrass),Odacite,http://d10qoa1dy3vloz.cloudfront.net/resized/400x440/media/catalog/product/o/d/oda012_odacite_radianceeffectbooster_greentealemongrass_1_780x980.jpg,http://www.cultbeauty.co.uk//odacite-radiance-effect-booster-green-tea-lemongrass.html#c=3-category,"[{'url': 'http://d10qoa1dy3vloz.cloudfront.net/resized/400x440/media/catalog/product/o/d/oda012_odacite_radianceeffectbooster_greentealemongrass_1_780x980.jpg', 'path': 'full/223dcc3db4958af4afce9abbbf530584ac052dbc.jpg', 'checksum': 'c59e25d762aab358fe5b4c637167a6ce'}]",£31.00,Anti-ageing
Skin Care,http://www.cultbeauty.co.uk,Radiance Effect Serum Concentrate (Green Tea + Lemongrass),Odacite,http://d10qoa1dy3vloz.cloudfront.net/resized/400x440/media/catalog/product/o/d/oda012_odacite_radianceeffectbooster_greentealemongrass_1_780x980.jpg,http://www.cultbeauty.co.uk//odacite-radiance-effect-booster-green-tea-lemongrass.html#c=29-category,"[{'url': 'http://d10qoa1dy3vloz.cloudfront.net/resized/400x440/media/catalog/product/o/d/oda012_odacite_radianceeffectbooster_greentealemongrass_1_780x980.jpg', 'path': 'full/223dcc3db4958af4afce9abbbf530584ac052dbc.jpg', 'checksum': 'c59e25d762aab358fe5b4c637167a6ce'}]",£31.00,Natural
Skin Care,http://www.cultbeauty.co.uk,Rose Lifting Serum,Omorovicza,http://d10qoa1dy3vloz.cloudfront.net/resized/400x440/media/catalog/product/o/m/omo013_omoovicza_roseliftingserum_780x980.jpg,http://www.cultbeauty.co.uk//omorovicza-rose-lifting-serum.html#c=4-category,"[{'url': 'http://d10qoa1dy3vloz.cloudfront.net/resized/400x440/media/catalog/product/o/m/omo013_omoovicza_roseliftingserum_780x980.jpg', 'path': 'full/144d13bfefdf8bb208e7fe67ab2a077fc084117d.jpg', 'checksum': '210ecaa9eac3d5fd017e0ade03af2501'}]",£80.00,Anti-ageing
Skin Care,http://www.cultbeauty.co.uk,Rose Lifting Serum,Omorovicza,http://d10qoa1dy3vloz.cloudfront.net/resized/400x440/media/catalog/product/o/m/omo013_omoovicza_roseliftingserum_780x980.jpg,http://www.cultbeauty.co.uk//omorovicza-rose-lifting-serum.html#c=12-category,"[{'url': 'http://d10qoa1dy3vloz.cloudfront.net/resized/400x440/media/catalog/product/o/m/omo013_omoovicza_roseliftingserum_780x980.jpg', 'path': 'full/144d13bfefdf8bb208e7fe67ab2a077fc084117d.jpg', 'checksum': '210ecaa9eac3d5fd017e0ade03af2501'}]",£80.00,Natural
Skin Care,http://www.cultbeauty.co.uk,Grape Stem Cell Moisturiser,Ilcsi,http://d10qoa1dy3vloz.cloudfront.net/resized/400x440/media/catalog/product/i/l/ilcsi_grapestemcellmoisturizer_800x960_2.jpg,http://www.cultbeauty.co.uk//ilcsi-grape-stem-cell-moisturiser.html#c=4-category,"[{'url': 'http://d10qoa1dy3vloz.cloudfront.net/resized/400x440/media/catalog/product/i/l/ilcsi_grapestemcellmoisturizer_800x960_2.jpg', 'path': 'full/a49147d134c2ee5fee79f7b8b20c412a15986901.jpg', 'checksum': '598e6ce4ccc271b022f2d0133d6579ec'}]",£33.00,Anti-ageing
Skin Care,http://www.cultbeauty.co.uk,Grape Stem Cell Moisturiser,Ilcsi,http://d10qoa1dy3vloz.cloudfront.net/resized/400x440/media/catalog/product/i/l/ilcsi_grapestemcellmoisturizer_800x960_2.jpg,http://www.cultbeauty.co.uk//ilcsi-grape-stem-cell-moisturiser.html#c=6-category,"[{'url': 'http://d10qoa1dy3vloz.cloudfront.net/resized/400x440/media/catalog/product/i/l/ilcsi_grapestemcellmoisturizer_800x960_2.jpg', 'path': 'full/a49147d134c2ee5fee79f7b8b20c412a15986901.jpg', 'checksum': '598e6ce4ccc271b022f2d0133d6579ec'}]",£33.00,Moisturisers
Skin Care,http://www.cultbeauty.co.uk,Grape Stem Cell Moisturiser,Ilcsi,http://d10qoa1dy3vloz.cloudfront.net/resized/400x440/media/catalog/product/i/l/ilcsi_grapestemcellmoisturizer_800x960_2.jpg,http://www.cultbeauty.co.uk//ilcsi-grape-stem-cell-moisturiser.html#c=29-category,"[{'url': 'http://d10qoa1dy3vloz.cloudfront.net/resized/400x440/media/catalog/product/i/l/ilcsi_grapestemcellmoisturizer_800x960_2.jpg', 'path': 'full/a49147d134c2ee5fee79f7b8b20c412a15986901.jpg', 'checksum': '598e6ce4ccc271b022f2d0133d6579ec'}]",£33.00,Natural
Skin Care,http://www.cultbeauty.co.uk,Parsley Seed Anti-Oxidant Serum,Aesop,http://d10qoa1dy3vloz.cloudfront.net/resized/400x440/media/catalog/product/a/s/ask34_aesop_parselyseedantioxidantserum_100ml_sizedproduct_800x960_1.jpg,http://www.cultbeauty.co.uk//aesop-parsley-seed-anti-oxidant-serum.html#c=4-category,"[{'url': 'http://d10qoa1dy3vloz.cloudfront.net/resized/400x440/media/catalog/product/a/s/ask34_aesop_parselyseedantioxidantserum_100ml_sizedproduct_800x960_1.jpg', 'path': 'full/36a432500f86439f0b8713ccbb2036ecfaa5ff56.jpg', 'checksum': '37767a87f2f569e28031758429d3da76'}]",£45.00,Anti-ageing
Skin Care,http://www.cultbeauty.co.uk,Liquid Gold Try Me 50ml,Alpha-H,http://d10qoa1dy3vloz.cloudfront.net/resized/400x440/media/catalog/product/a/l/alp053_alphah_liquidgoldtryme50ml_780x980.jpg,http://www.cultbeauty.co.uk//alpha-h-liquid-gold-try-me-50ml.html#c=5-category,"[{'url': 'http://d10qoa1dy3vloz.cloudfront.net/resized/400x440/media/catalog/product/a/l/alp053_alphah_liquidgoldtryme50ml_780x980.jpg', 'path': 'full/c76404ba81d449705670a2efc34cabaae0ee9aee.jpg', 'checksum': '13eb7d84ddd39ae4f317c8a47b9ba169'}]",£15.00,Anti-ageing
Skin Care,http://www.cultbeauty.co.uk,Replenishing Nutrient Complex,Tata Harper,http://d10qoa1dy3vloz.cloudfront.net/resized/400x440/media/catalog/product/t/a/tat005_tataharper_replenishingnutrientcomplex_800x960_copy_2.jpg,http://www.cultbeauty.co.uk//tata-harper-replenishing-nutrient-complex.html#c=5-category,"[{'url': 'http://d10qoa1dy3vloz.cloudfront.net/resized/400x440/media/catalog/product/t/a/tat005_tataharper_replenishingnutrientcomplex_800x960_copy_2.jpg', 'path': 'full/4a83e8ae90b062c6c0c81d1bc54b27fdcef097a4.jpg', 'checksum': 'a7c32c7f8f0f61b2956304bdb58af998'}]",£36.00,Anti-ageing
Skin Care,http://www.cultbeauty.co.uk,Replenishing Nutrient Complex,Tata Harper,http://d10qoa1dy3vloz.cloudfront.net/resized/400x440/media/catalog/product/t/a/tat005_tataharper_replenishingnutrientcomplex_800x960_copy_2.jpg,http://www.cultbeauty.co.uk//tata-harper-replenishing-nutrient-complex.html#c=4-category,"[{'url': 'http://d10qoa1dy3vloz.cloudfront.net/resized/400x440/media/catalog/product/t/a/tat005_tataharper_replenishingnutrientcomplex_800x960_copy_2.jpg', 'path': 'full/4a83e8ae90b062c6c0c81d1bc54b27fdcef097a4.jpg', 'checksum': 'a7c32c7f8f0f61b2956304bdb58af998'}]",£36.00,Natural
Skin Care,http://www.cultbeauty.co.uk,Precious Serum,Anne Semonin,http://d10qoa1dy3vloz.cloudfront.net/resized/400x440/media/catalog/product/a/n/ann006_annesemonin_preciousserum_780x980.jpg,http://www.cultbeauty.co.uk//anne-semonin-precious-serum.html#c=5-category,"[{'url': 'http://d10qoa1dy3vloz.cloudfront.net/resized/400x440/media/catalog/product/a/n/ann006_annesemonin_preciousserum_780x980.jpg', 'path': 'full/382eb8395779d2add5ab9683ee5c9aba774ef876.jpg', 'checksum': '2de99aff9e29d408fd285bd7535917c6'}]",£96.00,Anti-ageing
Skin Care,http://www.cultbeauty.co.uk,Precious Serum,Anne Semonin,http://d10qoa1dy3vloz.cloudfront.net/resized/400x440/media/catalog/product/a/n/ann006_annesemonin_preciousserum_780x980.jpg,http://www.cultbeauty.co.uk//anne-semonin-precious-serum.html#c=1-category,"[{'url': 'http://d10qoa1dy3vloz.cloudfront.net/resized/400x440/media/catalog/product/a/n/ann006_annesemonin_preciousserum_780x980.jpg', 'path': 'full/382eb8395779d2add5ab9683ee5c9aba774ef876.jpg', 'checksum': '2de99aff9e29d408fd285bd7535917c6'}]",£96.00,Night Time
Skin Care,http://www.cultbeauty.co.uk,Precious Serum,Anne Semonin,http://d10qoa1dy3vloz.cloudfront.net/resized/400x440/media/catalog/product/a/n/ann006_annesemonin_preciousserum_780x980.jpg,http://www.cultbeauty.co.uk//anne-semonin-precious-serum.html#c=16-category,"[{'url': 'http://d10qoa1dy3vloz.cloudfront.net/resized/400x440/media/catalog/product/a/n/ann006_annesemonin_preciousserum_780x980.jpg', 'path': 'full/382eb8395779d2add5ab9683ee5c9aba774ef876.jpg', 'checksum': '2de99aff9e29d408fd285bd7535917c6'}]",£96.00,Natural
Skin Care,http://www.cultbeauty.co.uk,Concentrated Brightening Serum,Tata Harper,http://d10qoa1dy3vloz.cloudfront.net/resized/400x440/media/catalog/product/t/a/tat013_tataharper_concentratedbrighteningserum_sizedproduct_800x960.jpg,http://www.cultbeauty.co.uk//tata-harper-concentrated-brightening-serum.html#c=6-category,"[{'url': 'http://d10qoa1dy3vloz.cloudfront.net/resized/400x440/media/catalog/product/t/a/tat013_tataharper_concentratedbrighteningserum_sizedproduct_800x960.jpg', 'path': 'full/6b5196d3180a15f05fa00248cb199a9d8688897b.jpg', 'checksum': '1425101dc82b53fb65cdfba57004a9c2'}]",£170.00,Anti-ageing
Skin Care,http://www.cultbeauty.co.uk,Concentrated Brightening Serum,Tata Harper,http://d10qoa1dy3vloz.cloudfront.net/resized/400x440/media/catalog/product/t/a/tat013_tataharper_concentratedbrighteningserum_sizedproduct_800x960.jpg,http://www.cultbeauty.co.uk//tata-harper-concentrated-brightening-serum.html#c=33-category,"[{'url': 'http://d10qoa1dy3vloz.cloudfront.net/resized/400x440/media/catalog/product/t/a/tat013_tataharper_concentratedbrighteningserum_sizedproduct_800x960.jpg', 'path': 'full/6b5196d3180a15f05fa00248cb199a9d8688897b.jpg', 'checksum': '1425101dc82b53fb65cdfba57004a9c2'}]",£170.00,Natural
Skin Care,http://www.cultbeauty.co.uk,100% Active Serum,Anne Semonin,http://d10qoa1dy3vloz.cloudfront.net/resized/400x440/media/catalog/product/a/n/ann007_annesemonin_100_activeserum_sizedproduct_800x960.jpg,http://www.cultbeauty.co.uk//anne-semonin-100-active-serum.html#c=6-category,"[{'url': 'http://d10qoa1dy3vloz.cloudfront.net/resized/400x440/media/catalog/product/a/n/ann007_annesemonin_100_activeserum_sizedproduct_800x960.jpg', 'path': 'full/11c34dd012b62e21da9ef5054dcbe0a8f362349f.jpg', 'checksum': 'bfd6cddb7bbb2db90522c563cbeae8a3'}]",£119.00,Anti-ageing
Skin Care,http://www.cultbeauty.co.uk,100% Active Serum,Anne Semonin,http://d10qoa1dy3vloz.cloudfront.net/resized/400x440/media/catalog/product/a/n/ann007_annesemonin_100_activeserum_sizedproduct_800x960.jpg,http://www.cultbeauty.co.uk//anne-semonin-100-active-serum.html#c=16-category,"[{'url': 'http://d10qoa1dy3vloz.cloudfront.net/resized/400x440/media/catalog/product/a/n/ann007_annesemonin_100_activeserum_sizedproduct_800x960.jpg', 'path': 'full/11c34dd012b62e21da9ef5054dcbe0a8f362349f.jpg', 'checksum': 'bfd6cddb7bbb2db90522c563cbeae8a3'}]",£119.00,Natural
Skin Care,http://www.cultbeauty.co.uk,Brightening Cream SPF15,Anne Semonin,http://d10qoa1dy3vloz.cloudfront.net/resized/400x440/media/catalog/product/a/n/annesemonin_brighteningcreamspf15_780x980.jpg,http://www.cultbeauty.co.uk//anne-semonin-brightening-cream-spf15.html#c=6-category,"[{'url': 'http://d10qoa1dy3vloz.cloudfront.net/resized/400x440/media/catalog/product/a/n/annesemonin_brighteningcreamspf15_780x980.jpg', 'path': 'full/5d3c8dffb8e370834eefebccbd77e22e12e7c76d.jpg', 'checksum': '7c32b9b12fb9b5201a4254c7b2469716'}]",£74.00,Anti-ageing
Skin Care,http://www.cultbeauty.co.uk,Brightening Cream SPF15,Anne Semonin,http://d10qoa1dy3vloz.cloudfront.net/resized/400x440/media/catalog/product/a/n/annesemonin_brighteningcreamspf15_780x980.jpg,http://www.cultbeauty.co.uk//anne-semonin-brightening-cream-spf15.html#c=5-category,"[{'url': 'http://d10qoa1dy3vloz.cloudfront.net/resized/400x440/media/catalog/product/a/n/annesemonin_brighteningcreamspf15_780x980.jpg', 'path': 'full/5d3c8dffb8e370834eefebccbd77e22e12e7c76d.jpg', 'checksum': '7c32b9b12fb9b5201a4254c7b2469716'}]",£74.00,Moisturisers
Skin Care,http://www.cultbeauty.co.uk,Brightening Cream SPF15,Anne Semonin,http://d10qoa1dy3vloz.cloudfront.net/resized/400x440/media/catalog/product/a/n/annesemonin_brighteningcreamspf15_780x980.jpg,http://www.cultbeauty.co.uk//anne-semonin-brightening-cream-spf15.html#c=13-category,"[{'url': 'http://d10qoa1dy3vloz.cloudfront.net/resized/400x440/media/catalog/product/a/n/annesemonin_brighteningcreamspf15_780x980.jpg', 'path': 'full/5d3c8dffb8e370834eefebccbd77e22e12e7c76d.jpg', 'checksum': '7c32b9b12fb9b5201a4254c7b2469716'}]",£74.00,Natural
Skin Care,http://www.cultbeauty.co.uk,Z-22 Absolute Face Oil,Zelens,http://d10qoa1dy3vloz.cloudfront.net/resized/400x440/media/catalog/product/z/e/zel010_zelens_z-22absolutefaceoil_sizedproduct_800x960.jpg,http://www.cultbeauty.co.uk//zelens-z-22-absolute-face-oil.html#c=7-category,"[{'url': 'http://d10qoa1dy3vloz.cloudfront.net/resized/400x440/media/catalog/product/z/e/zel010_zelens_z-22absolutefaceoil_sizedproduct_800x960.jpg', 'path': 'full/c85f70e52af086e55882a1b61d4facb49a2505c1.jpg', 'checksum': '04cfaa72c006e0ce9668b76c0b7a4ae6'}]",£65.00,Anti-ageing
Skin Care,http://www.cultbeauty.co.uk,Z-22 Absolute Face Oil,Zelens,http://d10qoa1dy3vloz.cloudfront.net/resized/400x440/media/catalog/product/z/e/zel010_zelens_z-22absolutefaceoil_sizedproduct_800x960.jpg,http://www.cultbeauty.co.uk//zelens-z-22-absolute-face-oil.html#c=7-category,"[{'url': 'http://d10qoa1dy3vloz.cloudfront.net/resized/400x440/media/catalog/product/z/e/zel010_zelens_z-22absolutefaceoil_sizedproduct_800x960.jpg', 'path': 'full/c85f70e52af086e55882a1b61d4facb49a2505c1.jpg', 'checksum': '04cfaa72c006e0ce9668b76c0b7a4ae6'}]",£65.00,Moisturisers
Skin Care,http://www.cultbeauty.co.uk,Z-22 Absolute Face Oil,Zelens,http://d10qoa1dy3vloz.cloudfront.net/resized/400x440/media/catalog/product/z/e/zel010_zelens_z-22absolutefaceoil_sizedproduct_800x960.jpg,http://www.cultbeauty.co.uk//zelens-z-22-absolute-face-oil.html#c=27-category,"[{'url': 'http://d10qoa1dy3vloz.cloudfront.net/resized/400x440/media/catalog/product/z/e/zel010_zelens_z-22absolutefaceoil_sizedproduct_800x960.jpg', 'path': 'full/c85f70e52af086e55882a1b61d4facb49a2505c1.jpg', 'checksum': '04cfaa72c006e0ce9668b76c0b7a4ae6'}]",£65.00,Natural
Skin Care,http://www.cultbeauty.co.uk,Bionic Anti-ageing Cream,Sunday Riley,http://d10qoa1dy3vloz.cloudfront.net/resized/400x440/media/catalog/product/s/u/sundayriley_srn008_bionicanti-ageingcream_800x960_1.jpg,http://www.cultbeauty.co.uk//sunday-riley-bionic.html#c=7-category,"[{'url': 'http://d10qoa1dy3vloz.cloudfront.net/resized/400x440/media/catalog/product/s/u/sundayriley_srn008_bionicanti-ageingcream_800x960_1.jpg', 'path': 'full/5316cc7a0516a45d6051a291a3f7acfafcf7a15f.jpg', 'checksum': 'ac92caa7a33291bdb51e99e8635051d9'}]",£98.00,Anti-ageing
Skin Care,http://www.cultbeauty.co.uk,Bionic Anti-ageing Cream,Sunday Riley,http://d10qoa1dy3vloz.cloudfront.net/resized/400x440/media/catalog/product/s/u/sundayriley_srn008_bionicanti-ageingcream_800x960_1.jpg,http://www.cultbeauty.co.uk//sunday-riley-bionic.html#c=17-category,"[{'url': 'http://d10qoa1dy3vloz.cloudfront.net/resized/400x440/media/catalog/product/s/u/sundayriley_srn008_bionicanti-ageingcream_800x960_1.jpg', 'path': 'full/5316cc7a0516a45d6051a291a3f7acfafcf7a15f.jpg', 'checksum': 'ac92caa7a33291bdb51e99e8635051d9'}]",£98.00,Natural
Skin Care,http://www.cultbeauty.co.uk,Velvet Skin Brightening Serum,Su-Man Skincare,http://d10qoa1dy3vloz.cloudfront.net/resized/400x440/media/catalog/product/s/u/sum004_velvetskinbrighteningserum_sizedproduct_800x960.jpg,http://www.cultbeauty.co.uk//su-man-skincare-velvet-skin-brightening-serum.html#c=8-category,"[{'url': 'http://d10qoa1dy3vloz.cloudfront.net/resized/400x440/media/catalog/product/s/u/sum004_velvetskinbrighteningserum_sizedproduct_800x960.jpg', 'path': 'full/6f6fc1b3e020dc7f2883b1a21769818f09fbd218.jpg', 'checksum': 'ecfdb3c5d67b45eff096afa7aa6f89e9'}]",£98.00,Anti-ageing
Skin Care,http://www.cultbeauty.co.uk,Velvet Skin Brightening Serum,Su-Man Skincare,http://d10qoa1dy3vloz.cloudfront.net/resized/400x440/media/catalog/product/s/u/sum004_velvetskinbrighteningserum_sizedproduct_800x960.jpg,http://www.cultbeauty.co.uk//su-man-skincare-velvet-skin-brightening-serum.html#c=26-category,"[{'url': 'http://d10qoa1dy3vloz.cloudfront.net/resized/400x440/media/catalog/product/s/u/sum004_velvetskinbrighteningserum_sizedproduct_800x960.jpg', 'path': 'full/6f6fc1b3e020dc7f2883b1a21769818f09fbd218.jpg', 'checksum': 'ecfdb3c5d67b45eff096afa7aa6f89e9'}]",£98.00,Natural
Skin Care,http://www.cultbeauty.co.uk,Classic Set,QMS Medicosmetics,http://d10qoa1dy3vloz.cloudfront.net/resized/400x440/media/catalog/product/q/m/qms003_qms_classic-collagen-set_780x980.jpg,http://www.cultbeauty.co.uk//qms-medicosmetics-classic-set.html#c=8-category,"[{'url': 'http://d10qoa1dy3vloz.cloudfront.net/resized/400x440/media/catalog/product/q/m/qms003_qms_classic-collagen-set_780x980.jpg', 'path': 'full/b15eae2acb222e5706f23f0dad9f81baeccabc13.jpg', 'checksum': '2e65db156f08932da828f0ca593229f0'}]",£171.00,Anti-ageing
Skin Care,http://www.cultbeauty.co.uk,Brilliance Facial Oil,Emma Hardie Amazing Face,http://d10qoa1dy3vloz.cloudfront.net/resized/400x440/media/catalog/product/e/m/emh012_emmahardie_brillianceoil_780x980.jpg,http://www.cultbeauty.co.uk//emma-hardie-amazing-face-brilliance-facial-oil.html#c=7-category,"[{'url': 'http://d10qoa1dy3vloz.cloudfront.net/resized/400x440/media/catalog/product/e/m/emh012_emmahardie_brillianceoil_780x980.jpg', 'path': 'full/3d79646a7bfaa272cfdb2f73dc0fc49f5e92a3e6.jpg', 'checksum': 'eee3b63f0d8d02a07221eab305823374'}]",£31.00,Anti-ageing
Skin Care,http://www.cultbeauty.co.uk,Brilliance Facial Oil,Emma Hardie Amazing Face,http://d10qoa1dy3vloz.cloudfront.net/resized/400x440/media/catalog/product/e/m/emh012_emmahardie_brillianceoil_780x980.jpg,http://www.cultbeauty.co.uk//emma-hardie-amazing-face-brilliance-facial-oil.html#c=14-category,"[{'url': 'http://d10qoa1dy3vloz.cloudfront.net/resized/400x440/media/catalog/product/e/m/emh012_emmahardie_brillianceoil_780x980.jpg', 'path': 'full/3d79646a7bfaa272cfdb2f73dc0fc49f5e92a3e6.jpg', 'checksum': 'eee3b63f0d8d02a07221eab305823374'}]",£31.00,Natural
Skin Care,http://www.cultbeauty.co.uk,Absolute Anti Ageing Face Oil,Uma,http://d10qoa1dy3vloz.cloudfront.net/resized/400x440/media/catalog/product/u/m/uma003_uma_antiageingfaceoil_780x980.jpg,http://www.cultbeauty.co.uk//uma-absolute-anti-ageing-face-oil.html#c=8-category,"[{'url': 'http://d10qoa1dy3vloz.cloudfront.net/resized/400x440/media/catalog/product/u/m/uma003_uma_antiageingfaceoil_780x980.jpg', 'path': 'full/212a1c0c54a1eef48bf615ba3a94dbf29ae6d8a0.jpg', 'checksum': 'dd13243a46a03c99156941dd8434d722'}]",£135.00,Anti-ageing
Skin Care,http://www.cultbeauty.co.uk,Absolute Anti Ageing Face Oil,Uma,http://d10qoa1dy3vloz.cloudfront.net/resized/400x440/media/catalog/product/u/m/uma003_uma_antiageingfaceoil_780x980.jpg,http://www.cultbeauty.co.uk//uma-absolute-anti-ageing-face-oil.html#c=5-category,"[{'url': 'http://d10qoa1dy3vloz.cloudfront.net/resized/400x440/media/catalog/product/u/m/uma003_uma_antiageingfaceoil_780x980.jpg', 'path': 'full/212a1c0c54a1eef48bf615ba3a94dbf29ae6d8a0.jpg', 'checksum': 'dd13243a46a03c99156941dd8434d722'}]",£135.00,Moisturisers
Skin Care,http://www.cultbeauty.co.uk,Absolute Anti Ageing Face Oil,Uma,http://d10qoa1dy3vloz.cloudfront.net/resized/400x440/media/catalog/product/u/m/uma003_uma_antiageingfaceoil_780x980.jpg,http://www.cultbeauty.co.uk//uma-absolute-anti-ageing-face-oil.html#c=7-category,"[{'url': 'http://d10qoa1dy3vloz.cloudfront.net/resized/400x440/media/catalog/product/u/m/uma003_uma_antiageingfaceoil_780x980.jpg', 'path': 'full/212a1c0c54a1eef48bf615ba3a94dbf29ae6d8a0.jpg', 'checksum': 'dd13243a46a03c99156941dd8434d722'}]",£135.00,Natural
Skin Care,http://www.cultbeauty.co.uk,3t Complex Essential Anti-Aging Cream,Zelens,http://d10qoa1dy3vloz.cloudfront.net/resized/400x440/media/catalog/product/z/e/zel003_zelens_3tcomplexessentialantiageingcream_sizedproduct_800x960.jpg,http://www.cultbeauty.co.uk//zelens-3t-complex-essential-anti-ageing-cream.html#c=10-category,"[{'url': 'http://d10qoa1dy3vloz.cloudfront.net/resized/400x440/media/catalog/product/z/e/zel003_zelens_3tcomplexessentialantiageingcream_sizedproduct_800x960.jpg', 'path': 'full/badfdc0fded2c262afdab62da5dd4c0500bdedf7.jpg', 'checksum': '2657d7fab667857e9b664e82b8da0753'}]",£95.00,Anti-ageing
Skin Care,http://www.cultbeauty.co.uk,Spontaneous Recovery Crème,Tammy Fender,http://d10qoa1dy3vloz.cloudfront.net/resized/400x440/media/catalog/product/t/f/tfn007_tammyfender_spontaneousrecoverycreme_780x980_1.jpg,http://www.cultbeauty.co.uk//tammy-fender-spontaneous-recovery-creme.html#c=10-category,"[{'url': 'http://d10qoa1dy3vloz.cloudfront.net/resized/400x440/media/catalog/product/t/f/tfn007_tammyfender_spontaneousrecoverycreme_780x980_1.jpg', 'path': 'full/d36ee24af4268a876f143dc543cd8d754aeaeb54.jpg', 'checksum': '34820749c9c8890c35bf8eba94372a17'}]",£120.00,Anti-ageing
Skin Care,http://www.cultbeauty.co.uk,Spontaneous Recovery Crème,Tammy Fender,http://d10qoa1dy3vloz.cloudfront.net/resized/400x440/media/catalog/product/t/f/tfn007_tammyfender_spontaneousrecoverycreme_780x980_1.jpg,http://www.cultbeauty.co.uk//tammy-fender-spontaneous-recovery-creme.html#c=8-category,"[{'url': 'http://d10qoa1dy3vloz.cloudfront.net/resized/400x440/media/catalog/product/t/f/tfn007_tammyfender_spontaneousrecoverycreme_780x980_1.jpg', 'path': 'full/d36ee24af4268a876f143dc543cd8d754aeaeb54.jpg', 'checksum': '34820749c9c8890c35bf8eba94372a17'}]",£120.00,Moisturisers
Skin Care,http://www.cultbeauty.co.uk,Spontaneous Recovery Crème,Tammy Fender,http://d10qoa1dy3vloz.cloudfront.net/resized/400x440/media/catalog/product/t/f/tfn007_tammyfender_spontaneousrecoverycreme_780x980_1.jpg,http://www.cultbeauty.co.uk//tammy-fender-spontaneous-recovery-creme.html#c=27-category,"[{'url': 'http://d10qoa1dy3vloz.cloudfront.net/resized/400x440/media/catalog/product/t/f/tfn007_tammyfender_spontaneousrecoverycreme_780x980_1.jpg', 'path': 'full/d36ee24af4268a876f143dc543cd8d754aeaeb54.jpg', 'checksum': '34820749c9c8890c35bf8eba94372a17'}]",£120.00,Natural
Skin Care,http://www.cultbeauty.co.uk,Liquid Gold Intensive Night Repair Serum,Alpha-H,http://d10qoa1dy3vloz.cloudfront.net/resized/400x440/media/catalog/product/a/l/alp019_alpha-h_liquidgoldintensivenightrepairserum_780x980.jpg,http://www.cultbeauty.co.uk//alpha-h-liquid-gold-intensive-night-repair-serum.html#c=9-category,"[{'url': 'http://d10qoa1dy3vloz.cloudfront.net/resized/400x440/media/catalog/product/a/l/alp019_alpha-h_liquidgoldintensivenightrepairserum_780x980.jpg', 'path': 'full/80ab144f43c38ac0b7ba8d407794c6fba2d36c78.jpg', 'checksum': '3d4aeb9a5b3a1478b87ffb84b28152e8'}]",£51.00,Anti-ageing
Skin Care,http://www.cultbeauty.co.uk,Liquid Gold Intensive Night Repair Serum,Alpha-H,http://d10qoa1dy3vloz.cloudfront.net/resized/400x440/media/catalog/product/a/l/alp019_alpha-h_liquidgoldintensivenightrepairserum_780x980.jpg,http://www.cultbeauty.co.uk//alpha-h-liquid-gold-intensive-night-repair-serum.html#c=2-category,"[{'url': 'http://d10qoa1dy3vloz.cloudfront.net/resized/400x440/media/catalog/product/a/l/alp019_alpha-h_liquidgoldintensivenightrepairserum_780x980.jpg', 'path': 'full/80ab144f43c38ac0b7ba8d407794c6fba2d36c78.jpg', 'checksum': '3d4aeb9a5b3a1478b87ffb84b28152e8'}]",£51.00,Night Time
Skin Care,http://www.cultbeauty.co.uk,Liquid Gold Perfecting Daywear,Alpha-H,http://d10qoa1dy3vloz.cloudfront.net/resized/400x440/media/catalog/product/a/l/alp020_alpha-h_liquidgoldperfectingdaywear_800x960.jpg,http://www.cultbeauty.co.uk//alpha-h-liquid-gold-perfecting-daywear.html#c=9-category,"[{'url': 'http://d10qoa1dy3vloz.cloudfront.net/resized/400x440/media/catalog/product/a/l/alp020_alpha-h_liquidgoldperfectingdaywear_800x960.jpg', 'path': 'full/2e070ebe1cb259741efb63f2962eec17254f0287.jpg', 'checksum': '296a418600fcf028600a5cd7297a8525'}]",£41.00,Anti-ageing
Skin Care,http://www.cultbeauty.co.uk,Super Facial Oil,Verso,http://d10qoa1dy3vloz.cloudfront.net/resized/400x440/media/catalog/product/v/e/ver009_verso_superfacialoil_780x980.jpg,http://www.cultbeauty.co.uk//verso-super-facial-oil.html#c=9-category,"[{'url': 'http://d10qoa1dy3vloz.cloudfront.net/resized/400x440/media/catalog/product/v/e/ver009_verso_superfacialoil_780x980.jpg', 'path': 'full/a189a523e73019846ceb2725d330a489afabf7b8.jpg', 'checksum': 'beb407750db49a036a4f9a96459182b0'}]",£135.00,Anti-ageing
Skin Care,http://www.cultbeauty.co.uk,Super Facial Oil,Verso,http://d10qoa1dy3vloz.cloudfront.net/resized/400x440/media/catalog/product/v/e/ver009_verso_superfacialoil_780x980.jpg,http://www.cultbeauty.co.uk//verso-super-facial-oil.html#c=7-category,"[{'url': 'http://d10qoa1dy3vloz.cloudfront.net/resized/400x440/media/catalog/product/v/e/ver009_verso_superfacialoil_780x980.jpg', 'path': 'full/a189a523e73019846ceb2725d330a489afabf7b8.jpg', 'checksum': 'beb407750db49a036a4f9a96459182b0'}]",£135.00,Moisturisers
Skin Care,http://www.cultbeauty.co.uk,Eight Hour Cream Sun Defense for Face SPF 50,Elizabeth Arden,http://d10qoa1dy3vloz.cloudfront.net/resized/400x440/media/catalog/product/e/i/eighthourcreamsundefenseforfacespf50_50ml.jpg,http://www.cultbeauty.co.uk//elizabeth-arden-eight-hour-cream-sun-defense-for-face-spf50.html#c=10-category,"[{'url': 'http://d10qoa1dy3vloz.cloudfront.net/resized/400x440/media/catalog/product/e/i/eighthourcreamsundefenseforfacespf50_50ml.jpg', 'path': 'full/a8a69cf92228d3f31b1748566d6eb183ac93defd.jpg', 'checksum': '8f8e41e71f52a7fcb0e3b0d9c2907918'}]",£26.00,Anti-ageing
Skin Care,http://www.cultbeauty.co.uk,Eight Hour Cream Sun Defense for Face SPF 50,Elizabeth Arden,http://d10qoa1dy3vloz.cloudfront.net/resized/400x440/media/catalog/product/e/i/eighthourcreamsundefenseforfacespf50_50ml.jpg,http://www.cultbeauty.co.uk//elizabeth-arden-eight-hour-cream-sun-defense-for-face-spf50.html#c=0-category,"[{'url': 'http://d10qoa1dy3vloz.cloudfront.net/resized/400x440/media/catalog/product/e/i/eighthourcreamsundefenseforfacespf50_50ml.jpg', 'path': 'full/a8a69cf92228d3f31b1748566d6eb183ac93defd.jpg', 'checksum': '8f8e41e71f52a7fcb0e3b0d9c2907918'}]",£26.00,SPF & Self Tanners
Skin Care,http://www.cultbeauty.co.uk,Eight Hour Cream Sun Defense for Face SPF 50,Elizabeth Arden,http://d10qoa1dy3vloz.cloudfront.net/resized/400x440/media/catalog/product/e/i/eighthourcreamsundefenseforfacespf50_50ml.jpg,http://www.cultbeauty.co.uk//elizabeth-arden-eight-hour-cream-sun-defense-for-face-spf50.html#c=8-category,"[{'url': 'http://d10qoa1dy3vloz.cloudfront.net/resized/400x440/media/catalog/product/e/i/eighthourcreamsundefenseforfacespf50_50ml.jpg', 'path': 'full/a8a69cf92228d3f31b1748566d6eb183ac93defd.jpg', 'checksum': '8f8e41e71f52a7fcb0e3b0d9c2907918'}]",£26.00,Moisturisers
Skin Care,http://www.cultbeauty.co.uk,Radiance Perfecting Serum,REN,http://d10qoa1dy3vloz.cloudfront.net/resized/400x440/media/catalog/product/r/e/ren022_ren_radianceperfectionserum__800x960.jpg,http://www.cultbeauty.co.uk//ren-radiance-perfecting-serum.html#c=11-category,"[{'url': 'http://d10qoa1dy3vloz.cloudfront.net/resized/400x440/media/catalog/product/r/e/ren022_ren_radianceperfectionserum__800x960.jpg', 'path': 'full/f2e3043ac693ee11e6408c1d58adcb09373a2a2f.jpg', 'checksum': 'a371a629806e4f50ae5ab832ad257817'}]",£35.00,Anti-ageing
Skin Care,http://www.cultbeauty.co.uk,Radiance Perfecting Serum,REN,http://d10qoa1dy3vloz.cloudfront.net/resized/400x440/media/catalog/product/r/e/ren022_ren_radianceperfectionserum__800x960.jpg,http://www.cultbeauty.co.uk//ren-radiance-perfecting-serum.html#c=22-category,"[{'url': 'http://d10qoa1dy3vloz.cloudfront.net/resized/400x440/media/catalog/product/r/e/ren022_ren_radianceperfectionserum__800x960.jpg', 'path': 'full/f2e3043ac693ee11e6408c1d58adcb09373a2a2f.jpg', 'checksum': 'a371a629806e4f50ae5ab832ad257817'}]",£35.00,Natural
Skin Care,http://www.cultbeauty.co.uk,Immediate Effects Serum,Cult 51,http://d10qoa1dy3vloz.cloudfront.net/resized/400x440/media/catalog/product/c/u/cul002_cult51_immediateeffectserum_1_780x980.jpg,http://www.cultbeauty.co.uk//cult-51-immediate-effects-serum.html#c=11-category,"[{'url': 'http://d10qoa1dy3vloz.cloudfront.net/resized/400x440/media/catalog/product/c/u/cul002_cult51_immediateeffectserum_1_780x980.jpg', 'path': 'full/1edec5aabda3ec304e3070487ac051c83bbd9721.jpg', 'checksum': 'cb2f3e0bbc1348a8ad03abb749d157d1'}]",£95.00,Anti-ageing
Skin Care,http://www.cultbeauty.co.uk,Liquid Laser Super Anti-Ageing Balm,Alpha-H,http://d10qoa1dy3vloz.cloudfront.net/resized/400x440/media/catalog/product/a/l/alphah_liquidlasersuperanti-agingbalm_780x980.jpg,http://www.cultbeauty.co.uk//alpha-h-liquid-laser-super-anti-ageing-balm.html#c=11-category,"[{'url': 'http://d10qoa1dy3vloz.cloudfront.net/resized/400x440/media/catalog/product/a/l/alphah_liquidlasersuperanti-agingbalm_780x980.jpg', 'path': 'full/be696320a4d24f302739546abf07f0193e5f0ceb.jpg', 'checksum': 'fc7180077222a6a1d61770caf63c5439'}]",£56.00,Anti-ageing
Skin Care,http://www.cultbeauty.co.uk,Liquid Laser Super Anti-Ageing Balm,Alpha-H,http://d10qoa1dy3vloz.cloudfront.net/resized/400x440/media/catalog/product/a/l/alphah_liquidlasersuperanti-agingbalm_780x980.jpg,http://www.cultbeauty.co.uk//alpha-h-liquid-laser-super-anti-ageing-balm.html#c=2-category,"[{'url': 'http://d10qoa1dy3vloz.cloudfront.net/resized/400x440/media/catalog/product/a/l/alphah_liquidlasersuperanti-agingbalm_780x980.jpg', 'path': 'full/be696320a4d24f302739546abf07f0193e5f0ceb.jpg', 'checksum': 'fc7180077222a6a1d61770caf63c5439'}]",£56.00,Night Time
Skin Care,http://www.cultbeauty.co.uk,Liquid Gold Rejuvenating Cream,Alpha-H,http://d10qoa1dy3vloz.cloudfront.net/resized/400x440/media/catalog/product/a/l/alp_alphah_liquidgold-rejuvenatingcream_sizedproduct_800x960.jpg,http://www.cultbeauty.co.uk//alpha-h-liquid-gold-rejuvenating-cream.html#c=12-category,"[{'url': 'http://d10qoa1dy3vloz.cloudfront.net/resized/400x440/media/catalog/product/a/l/alp_alphah_liquidgold-rejuvenatingcream_sizedproduct_800x960.jpg', 'path': 'full/1cd708df71800a809001c29f11de12c1a0dcb6a5.jpg', 'checksum': '74a91b6e7cbe6228a1a3ff05d3e12bb9'}]",£51.00,Anti-ageing
Skin Care,http://www.cultbeauty.co.uk,Liquid Gold Rejuvenating Cream,Alpha-H,http://d10qoa1dy3vloz.cloudfront.net/resized/400x440/media/catalog/product/a/l/alp_alphah_liquidgold-rejuvenatingcream_sizedproduct_800x960.jpg,http://www.cultbeauty.co.uk//alpha-h-liquid-gold-rejuvenating-cream.html#c=9-category,"[{'url': 'http://d10qoa1dy3vloz.cloudfront.net/resized/400x440/media/catalog/product/a/l/alp_alphah_liquidgold-rejuvenatingcream_sizedproduct_800x960.jpg', 'path': 'full/1cd708df71800a809001c29f11de12c1a0dcb6a5.jpg', 'checksum': '74a91b6e7cbe6228a1a3ff05d3e12bb9'}]",£51.00,Moisturisers
Skin Care,http://www.cultbeauty.co.uk,Cell Repair Night Oil,Aurelia Probiotic Skincare,http://d10qoa1dy3vloz.cloudfront.net/resized/400x440/media/catalog/product/a/u/aur003_aurelia_cellrepairnightoil_1_780x980.jpg,http://www.cultbeauty.co.uk//aurelia-probiotic-skincare-cell-repair-night-oil.html#c=12-category,"[{'url': 'http://d10qoa1dy3vloz.cloudfront.net/resized/400x440/media/catalog/product/a/u/aur003_aurelia_cellrepairnightoil_1_780x980.jpg', 'path': 'full/d1e64fd64230e46bd998f7d9bd6a8a48aaec43ee.jpg', 'checksum': 'ec0aae017ca2dc3865ab05446affdafb'}]",£45.00,Anti-ageing
Skin Care,http://www.cultbeauty.co.uk,Cell Repair Night Oil,Aurelia Probiotic Skincare,http://d10qoa1dy3vloz.cloudfront.net/resized/400x440/media/catalog/product/a/u/aur003_aurelia_cellrepairnightoil_1_780x980.jpg,http://www.cultbeauty.co.uk//aurelia-probiotic-skincare-cell-repair-night-oil.html#c=3-category,"[{'url': 'http://d10qoa1dy3vloz.cloudfront.net/resized/400x440/media/catalog/product/a/u/aur003_aurelia_cellrepairnightoil_1_780x980.jpg', 'path': 'full/d1e64fd64230e46bd998f7d9bd6a8a48aaec43ee.jpg', 'checksum': 'ec0aae017ca2dc3865ab05446affdafb'}]",£45.00,Night Time
Skin Care,http://www.cultbeauty.co.uk,Cell Repair Night Oil,Aurelia Probiotic Skincare,http://d10qoa1dy3vloz.cloudfront.net/resized/400x440/media/catalog/product/a/u/aur003_aurelia_cellrepairnightoil_1_780x980.jpg,http://www.cultbeauty.co.uk//aurelia-probiotic-skincare-cell-repair-night-oil.html#c=21-category,"[{'url': 'http://d10qoa1dy3vloz.cloudfront.net/resized/400x440/media/catalog/product/a/u/aur003_aurelia_cellrepairnightoil_1_780x980.jpg', 'path': 'full/d1e64fd64230e46bd998f7d9bd6a8a48aaec43ee.jpg', 'checksum': 'ec0aae017ca2dc3865ab05446affdafb'}]",£45.00,Natural
Skin Care,http://www.cultbeauty.co.uk,Rejuvenating Night Cream,Omorovicza,http://d10qoa1dy3vloz.cloudfront.net/resized/400x440/media/catalog/product/o/m/omo009_omorovicza_rejuvenatingnightcream_780x980.jpg,http://www.cultbeauty.co.uk//omorovicza-rejuvenating-night-cream.html#c=12-category,"[{'url': 'http://d10qoa1dy3vloz.cloudfront.net/resized/400x440/media/catalog/product/o/m/omo009_omorovicza_rejuvenatingnightcream_780x980.jpg', 'path': 'full/6915e85dafbc01322258c3ddf92cb80cbe41be77.jpg', 'checksum': '1d111fed187a396fbfd234cbcc3825e3'}]",£105.00,Anti-ageing
Skin Care,http://www.cultbeauty.co.uk,Rejuvenating Night Cream,Omorovicza,http://d10qoa1dy3vloz.cloudfront.net/resized/400x440/media/catalog/product/o/m/omo009_omorovicza_rejuvenatingnightcream_780x980.jpg,http://www.cultbeauty.co.uk//omorovicza-rejuvenating-night-cream.html#c=3-category,"[{'url': 'http://d10qoa1dy3vloz.cloudfront.net/resized/400x440/media/catalog/product/o/m/omo009_omorovicza_rejuvenatingnightcream_780x980.jpg', 'path': 'full/6915e85dafbc01322258c3ddf92cb80cbe41be77.jpg', 'checksum': '1d111fed187a396fbfd234cbcc3825e3'}]",£105.00,Night Time
Skin Care,http://www.cultbeauty.co.uk,Rejuvenating Night Cream,Omorovicza,http://d10qoa1dy3vloz.cloudfront.net/resized/400x440/media/catalog/product/o/m/omo009_omorovicza_rejuvenatingnightcream_780x980.jpg,http://www.cultbeauty.co.uk//omorovicza-rejuvenating-night-cream.html#c=36-category,"[{'url': 'http://d10qoa1dy3vloz.cloudfront.net/resized/400x440/media/catalog/product/o/m/omo009_omorovicza_rejuvenatingnightcream_780x980.jpg', 'path': 'full/6915e85dafbc01322258c3ddf92cb80cbe41be77.jpg', 'checksum': '1d111fed187a396fbfd234cbcc3825e3'}]",£105.00,Natural
Skin Care,http://www.cultbeauty.co.uk,Oxygen Plasma Potion,Ling Skin Care,http://d10qoa1dy3vloz.cloudfront.net/resized/400x440/media/catalog/product/l/n/lng005_ling_oxygenplasmapotion_sizedproduct_800x960_1.jpg,http://www.cultbeauty.co.uk//ling-skin-care-oxygen-plasma-potion.html#c=13-category,"[{'url': 'http://d10qoa1dy3vloz.cloudfront.net/resized/400x440/media/catalog/product/l/n/lng005_ling_oxygenplasmapotion_sizedproduct_800x960_1.jpg', 'path': 'full/6ef0f2b447508ed85371846bbfff475c7d6d0a7d.jpg', 'checksum': '87daf8f06827b7ba9ea5fd0dbf823ab5'}]",£85.00,Anti-ageing
Skin Care,http://www.cultbeauty.co.uk,Jade Facial Roller (Double),Yu Ling Rollers,http://d10qoa1dy3vloz.cloudfront.net/resized/400x440/media/catalog/product/y/u/yur004_yingyurollers_jadefacialroller_double_sizedproduct_800x960.jpg,http://www.cultbeauty.co.uk//ying-yu-rollers-jade-facial-roller-double.html#c=13-category,"[{'url': 'http://d10qoa1dy3vloz.cloudfront.net/resized/400x440/media/catalog/product/y/u/yur004_yingyurollers_jadefacialroller_double_sizedproduct_800x960.jpg', 'path': 'full/db0f0923a83bb928e60a461b53d04ece3473dcf4.jpg', 'checksum': '96c5b86617416f03dfc507824c5602f3'}]",£43.00,Anti-ageing
Skin Care,http://www.cultbeauty.co.uk,Jade Facial Roller (Double),Yu Ling Rollers,http://d10qoa1dy3vloz.cloudfront.net/resized/400x440/media/catalog/product/y/u/yur004_yingyurollers_jadefacialroller_double_sizedproduct_800x960.jpg,http://www.cultbeauty.co.uk//ying-yu-rollers-jade-facial-roller-double.html#c=36-category,"[{'url': 'http://d10qoa1dy3vloz.cloudfront.net/resized/400x440/media/catalog/product/y/u/yur004_yingyurollers_jadefacialroller_double_sizedproduct_800x960.jpg', 'path': 'full/db0f0923a83bb928e60a461b53d04ece3473dcf4.jpg', 'checksum': '96c5b86617416f03dfc507824c5602f3'}]",£43.00,Natural
Skin Care,http://www.cultbeauty.co.uk,Silk Eye Mask,Holistic Silk,http://d10qoa1dy3vloz.cloudfront.net/resized/400x440/media/catalog/product/h/o/hol002_holisticsilk_eyemask_jade_sizedproduct2_800x960.jpg,http://www.cultbeauty.co.uk//holistic-silk-silk-eye-mask.html#c=13-category,"[{'url': 'http://d10qoa1dy3vloz.cloudfront.net/resized/400x440/media/catalog/product/h/o/hol002_holisticsilk_eyemask_jade_sizedproduct2_800x960.jpg', 'path': 'full/dc23afec4da0199dd50e4f91e1ac107bda730e07.jpg', 'checksum': '61c632d6c26bd842bfbc3e7308572162'}]",£46.00,Anti-ageing
Skin Care,http://www.cultbeauty.co.uk,Silk Eye Mask,Holistic Silk,http://d10qoa1dy3vloz.cloudfront.net/resized/400x440/media/catalog/product/h/o/hol002_holisticsilk_eyemask_jade_sizedproduct2_800x960.jpg,http://www.cultbeauty.co.uk//holistic-silk-silk-eye-mask.html#c=38-category,"[{'url': 'http://d10qoa1dy3vloz.cloudfront.net/resized/400x440/media/catalog/product/h/o/hol002_holisticsilk_eyemask_jade_sizedproduct2_800x960.jpg', 'path': 'full/dc23afec4da0199dd50e4f91e1ac107bda730e07.jpg', 'checksum': '61c632d6c26bd842bfbc3e7308572162'}]",£46.00,Natural
Skin Care,http://www.cultbeauty.co.uk,Jade Facial Roller (Medium),Yu Ling Rollers,http://d10qoa1dy3vloz.cloudfront.net/resized/400x440/media/catalog/product/y/u/yur002_yingyurollers_jadefacialroller_medium_sizedproduct_800x960_2.jpg,http://www.cultbeauty.co.uk//ying-yu-rollers-jade-facial-roller-medium.html#c=14-category,"[{'url': 'http://d10qoa1dy3vloz.cloudfront.net/resized/400x440/media/catalog/product/y/u/yur002_yingyurollers_jadefacialroller_medium_sizedproduct_800x960_2.jpg', 'path': 'full/1afcaf6af04e941b9f8539ba6cbebb00825e9d4e.jpg', 'checksum': '1a596716fe642c82f75993c9b2ce85c9'}]",£28.00,Anti-ageing
Skin Care,http://www.cultbeauty.co.uk,Jade Facial Roller (Medium),Yu Ling Rollers,http://d10qoa1dy3vloz.cloudfront.net/resized/400x440/media/catalog/product/y/u/yur002_yingyurollers_jadefacialroller_medium_sizedproduct_800x960_2.jpg,http://www.cultbeauty.co.uk//ying-yu-rollers-jade-facial-roller-medium.html#c=38-category,"[{'url': 'http://d10qoa1dy3vloz.cloudfront.net/resized/400x440/media/catalog/product/y/u/yur002_yingyurollers_jadefacialroller_medium_sizedproduct_800x960_2.jpg', 'path': 'full/1afcaf6af04e941b9f8539ba6cbebb00825e9d4e.jpg', 'checksum': '1a596716fe642c82f75993c9b2ce85c9'}]",£28.00,Natural
Skin Care,http://www.cultbeauty.co.uk,Vital Glow Serum Concentrate (Wild Carrot),Odacite,http://d10qoa1dy3vloz.cloudfront.net/resized/400x440/media/catalog/product/o/d/oda001_odacite_vitalglow_wildcarrot_1_780x980.jpg,http://www.cultbeauty.co.uk//odacite-vital-glow-booster-wild-carrot.html#c=15-category,"[{'url': 'http://d10qoa1dy3vloz.cloudfront.net/resized/400x440/media/catalog/product/o/d/oda001_odacite_vitalglow_wildcarrot_1_780x980.jpg', 'path': 'full/31ce38664641d65663fd960e48cb0e1f4d38f39b.jpg', 'checksum': 'd4e6d41b24d3bc3ec0e4118f124c2801'}]",£45.00,Anti-ageing
